{"cameraMode":{"drawMode":0,"name":"Shaded","section":"Shading Mode"},"sceneLighting":true,"audioPlay":false,"sceneViewState":{"showFog":true,"showMaterialUpdate":false,"showSkybox":true,"showFlares":true,"showImageEffects":true,"showParticleSystems":true},"in2DMode":false,"pivot":{"x":197.43434143066407,"y":-13.155314445495606,"z":99.26952362060547},"rotation":{"x":-0.044336672872304919,"y":0.7183070182800293,"z":-0.045968685299158099,"w":-0.6927886605262756},"size":149.38421630859376,"orthographic":false}